20200415085902,ag2004,20200415,20200415,08:59:00,500,3750.00,0,-1.00,-1.00,-1.00,-1.00,0.00,3800.00,8,0.00,0,4062.00,3461.00,17072.00,0.00,3750.00,17072.00,3762.00
20200415090008,ag2004,20200415,20200415,09:00:02,500,3750.00,0,-1.00,-1.00,-1.00,-1.00,0.00,3800.00,8,3730.00,20,4062.00,3461.00,17072.00,0.00,3750.00,17072.00,3762.00
20200415090053,ag2004,20200415,20200415,09:00:21,500,3800.00,8,3800.00,3800.00,3800.00,-1.00,57000.00,0.00,0,3800.00,2,4062.00,3461.00,17078.00,456000.00,3750.00,17072.00,3762.00
20200415090101,ag2004,20200415,20200415,09:00:24,0,3800.00,8,3800.00,3800.00,3800.00,-1.00,57000.00,0.00,0,3730.00,20,4062.00,3461.00,17078.00,456000.00,3750.00,17072.00,3762.00
20200415090220,ag2004,20200415,20200415,09:01:30,0,3800.00,8,3800.00,3800.00,3800.00,-1.00,57000.00,3850.00,20,3730.00,20,4062.00,3461.00,17078.00,456000.00,3750.00,17072.00,3762.00
20200415090229,ag2004,20200415,20200415,09:01:36,0,3800.00,8,3800.00,3800.00,3800.00,-1.00,57000.00,3850.00,20,3730.00,20,4062.00,3461.00,17078.00,456000.00,3750.00,17072.00,3762.00
20200415090233,ag2004,20200415,20200415,09:01:45,0,3800.00,8,3800.00,3800.00,3800.00,-1.00,57000.00,3850.00,20,3730.00,20,4062.00,3461.00,17078.00,456000.00,3750.00,17072.00,3762.00
20200415090239,ag2004,20200415,20200415,09:01:52,0,3800.00,8,3800.00,3800.00,3800.00,-1.00,57000.00,3850.00,20,3730.00,20,4062.00,3461.00,17078.00,456000.00,3750.00,17072.00,3762.00
20200415090255,ag2004,20200415,20200415,09:02:02,500,3800.00,8,3800.00,3800.00,3800.00,-1.00,57000.00,3840.00,10,3730.00,20,4062.00,3461.00,17078.00,456000.00,3750.00,17072.00,3762.00
20200415090259,ag2004,20200415,20200415,09:02:04,500,3800.00,8,3800.00,3800.00,3800.00,-1.00,57000.00,3840.00,28,3730.00,20,4062.00,3461.00,17078.00,456000.00,3750.00,17072.00,3762.00
20200415090317,ag2004,20200415,20200415,09:02:33,0,3800.00,8,3800.00,3800.00,3800.00,-1.00,57000.00,3840.00,28,3730.00,20,4062.00,3461.00,17078.00,456000.00,3750.00,17072.00,3762.00
20200415090416,ag2004,20200415,20200415,09:03:21,0,3800.00,8,3800.00,3800.00,3800.00,-1.00,57000.00,3840.00,28,3740.00,50,4062.00,3461.00,17078.00,456000.00,3750.00,17072.00,3762.00
20200415090706,ag2004,20200415,20200415,09:06:05,500,3800.00,8,3800.00,3800.00,3800.00,-1.00,57000.00,3840.00,28,3750.00,20,4062.00,3461.00,17078.00,456000.00,3750.00,17072.00,3762.00
20200415090723,ag2004,20200415,20200415,09:06:18,500,3800.00,8,3800.00,3800.00,3800.00,-1.00,57000.00,3840.00,28,3750.00,20,4062.00,3461.00,17078.00,456000.00,3750.00,17072.00,3762.00
20200415090723,ag2004,20200415,20200415,09:06:19,0,3800.00,8,3800.00,3800.00,3800.00,-1.00,57000.00,3838.00,20,3750.00,20,4062.00,3461.00,17078.00,456000.00,3750.00,17072.00,3762.00
20200415090743,ag2004,20200415,20200415,09:06:40,500,3800.00,8,3800.00,3800.00,3800.00,-1.00,57000.00,3830.00,2,3750.00,20,4062.00,3461.00,17078.00,456000.00,3750.00,17072.00,3762.00
20200415090759,ag2004,20200415,20200415,09:07:00,0,3800.00,8,3800.00,3800.00,3800.00,-1.00,57000.00,3830.00,2,3750.00,20,4062.00,3461.00,17078.00,456000.00,3750.00,17072.00,3762.00
20200415090800,ag2004,20200415,20200415,09:07:00,500,3800.00,8,3800.00,3800.00,3800.00,-1.00,57000.00,3829.00,10,3750.00,20,4062.00,3461.00,17078.00,456000.00,3750.00,17072.00,3762.00
20200415090945,ag2004,20200415,20200415,09:08:37,0,3800.00,8,3800.00,3800.00,3800.00,-1.00,57000.00,3829.00,10,3752.00,50,4062.00,3461.00,17078.00,456000.00,3750.00,17072.00,3762.00
20200415091301,ag2004,20200415,20200415,09:11:18,500,3800.00,8,3800.00,3800.00,3800.00,-1.00,57000.00,3829.00,10,3752.00,50,4062.00,3461.00,17078.00,456000.00,3750.00,17072.00,3762.00
20200415091430,ag2004,20200415,20200415,09:12:35,500,3800.00,8,3800.00,3800.00,3800.00,-1.00,57000.00,3828.00,20,3752.00,50,4062.00,3461.00,17078.00,456000.00,3750.00,17072.00,3762.00
20200415091452,ag2004,20200415,20200415,09:12:52,500,3800.00,8,3800.00,3800.00,3800.00,-1.00,57000.00,3827.00,10,3752.00,50,4062.00,3461.00,17078.00,456000.00,3750.00,17072.00,3762.00
20200415091550,ag2004,20200415,20200415,09:13:38,0,3800.00,8,3800.00,3800.00,3800.00,-1.00,57000.00,3825.00,20,3752.00,50,4062.00,3461.00,17078.00,456000.00,3750.00,17072.00,3762.00
20200415091555,ag2004,20200415,20200415,09:13:43,0,3800.00,8,3800.00,3800.00,3800.00,-1.00,57000.00,3825.00,20,3754.00,20,4062.00,3461.00,17078.00,456000.00,3750.00,17072.00,3762.00
20200415091814,ag2004,20200415,20200415,09:15:34,500,3800.00,8,3800.00,3800.00,3800.00,-1.00,57000.00,3825.00,20,3757.00,50,4062.00,3461.00,17078.00,456000.00,3750.00,17072.00,3762.00
20200415091833,ag2004,20200415,20200415,09:15:49,0,3800.00,8,3800.00,3800.00,3800.00,-1.00,57000.00,3825.00,20,3757.00,50,4062.00,3461.00,17078.00,456000.00,3750.00,17072.00,3762.00
20200415092009,ag2004,20200415,20200415,09:17:10,0,3800.00,8,3800.00,3800.00,3800.00,-1.00,57000.00,3825.00,20,3758.00,20,4062.00,3461.00,17078.00,456000.00,3750.00,17072.00,3762.00
20200415092041,ag2004,20200415,20200415,09:17:39,0,3800.00,8,3800.00,3800.00,3800.00,-1.00,57000.00,3825.00,20,3759.00,50,4062.00,3461.00,17078.00,456000.00,3750.00,17072.00,3762.00
20200415092121,ag2004,20200415,20200415,09:18:15,500,3800.00,8,3800.00,3800.00,3800.00,-1.00,57000.00,3825.00,20,3760.00,20,4062.00,3461.00,17078.00,456000.00,3750.00,17072.00,3762.00
20200415092238,ag2004,20200415,20200415,09:19:24,0,3800.00,8,3800.00,3800.00,3800.00,-1.00,57000.00,3825.00,20,3760.00,20,4062.00,3461.00,17078.00,456000.00,3750.00,17072.00,3762.00
20200415092240,ag2004,20200415,20200415,09:19:25,0,3800.00,8,3800.00,3800.00,3800.00,-1.00,57000.00,3827.00,20,3760.00,20,4062.00,3461.00,17078.00,456000.00,3750.00,17072.00,3762.00
20200415092431,ag2004,20200415,20200415,09:21:06,0,3800.00,8,3800.00,3800.00,3800.00,-1.00,57000.00,3827.00,20,3761.00,50,4062.00,3461.00,17078.00,456000.00,3750.00,17072.00,3762.00
20200415092603,ag2004,20200415,20200415,09:22:24,500,3800.00,8,3800.00,3800.00,3800.00,-1.00,57000.00,3827.00,20,3762.00,20,4062.00,3461.00,17078.00,456000.00,3750.00,17072.00,3762.00
20200415092623,ag2004,20200415,20200415,09:22:39,0,3800.00,8,3800.00,3800.00,3800.00,-1.00,57000.00,3827.00,20,3800.00,32,4062.00,3461.00,17078.00,456000.00,3750.00,17072.00,3762.00
20200415092626,ag2004,20200415,20200415,09:22:41,0,3800.00,40,3800.00,3800.00,3800.00,-1.00,57000.00,3827.00,20,3762.00,20,4062.00,3461.00,17078.00,2280000.00,3750.00,17072.00,3762.00
20200415092733,ag2004,20200415,20200415,09:23:34,500,3800.00,40,3800.00,3800.00,3800.00,-1.00,57000.00,3827.00,20,3800.00,10,4062.00,3461.00,17078.00,2280000.00,3750.00,17072.00,3762.00
20200415092753,ag2004,20200415,20200415,09:23:51,0,3800.00,40,3800.00,3800.00,3800.00,-1.00,57000.00,3827.00,20,3762.00,20,4062.00,3461.00,17078.00,2280000.00,3750.00,17072.00,3762.00
20200415092803,ag2004,20200415,20200415,09:23:59,500,3800.00,40,3800.00,3800.00,3800.00,-1.00,57000.00,3820.00,10,3762.00,20,4062.00,3461.00,17078.00,2280000.00,3750.00,17072.00,3762.00
20200415092912,ag2004,20200415,20200415,09:24:59,0,3800.00,40,3800.00,3800.00,3800.00,-1.00,57000.00,3820.00,10,3768.00,50,4062.00,3461.00,17078.00,2280000.00,3750.00,17072.00,3762.00
20200415092958,ag2004,20200415,20200415,09:25:37,500,3800.00,40,3800.00,3800.00,3800.00,-1.00,57000.00,3820.00,10,3772.00,20,4062.00,3461.00,17078.00,2280000.00,3750.00,17072.00,3762.00
20200415093154,ag2004,20200415,20200415,09:27:19,0,3800.00,40,3800.00,3800.00,3800.00,-1.00,57000.00,3819.00,2,3772.00,20,4062.00,3461.00,17078.00,2280000.00,3750.00,17072.00,3762.00
20200415093231,ag2004,20200415,20200415,09:27:51,500,3800.00,40,3800.00,3800.00,3800.00,-1.00,57000.00,3818.00,10,3772.00,20,4062.00,3461.00,17078.00,2280000.00,3750.00,17072.00,3762.00
20200415093455,ag2004,20200415,20200415,09:30:03,0,3800.00,40,3800.00,3800.00,3800.00,-1.00,57000.00,3817.00,2,3772.00,20,4062.00,3461.00,17078.00,2280000.00,3750.00,17072.00,3762.00
20200415093619,ag2004,20200415,20200415,09:31:08,500,3800.00,40,3800.00,3800.00,3800.00,-1.00,57000.00,3815.00,10,3772.00,20,4062.00,3461.00,17078.00,2280000.00,3750.00,17072.00,3762.00
20200415093922,ag2004,20200415,20200415,09:33:47,0,3800.00,40,3800.00,3800.00,3800.00,-1.00,57000.00,3814.00,50,3772.00,20,4062.00,3461.00,17078.00,2280000.00,3750.00,17072.00,3762.00
20200415093929,ag2004,20200415,20200415,09:33:53,0,3814.00,90,3814.00,3800.00,3800.00,-1.00,57116.67,3815.00,10,3772.00,20,4062.00,3461.00,17028.00,5140500.00,3750.00,17072.00,3762.00
20200415094023,ag2004,20200415,20200415,09:34:39,500,3814.00,90,3814.00,3800.00,3800.00,-1.00,57116.67,3817.00,2,3772.00,20,4062.00,3461.00,17028.00,5140500.00,3750.00,17072.00,3762.00
20200415094352,ag2004,20200415,20200415,09:37:52,0,3814.00,90,3814.00,3800.00,3800.00,-1.00,57116.67,3814.00,10,3772.00,20,4062.00,3461.00,17028.00,5140500.00,3750.00,17072.00,3762.00
20200415094631,ag2004,20200415,20200415,09:40:25,0,3814.00,90,3814.00,3800.00,3800.00,-1.00,57116.67,3814.00,10,3790.00,50,4062.00,3461.00,17028.00,5140500.00,3750.00,17072.00,3762.00
20200415094643,ag2004,20200415,20200415,09:40:36,0,3814.00,90,3814.00,3800.00,3800.00,-1.00,57116.67,3814.00,10,3772.00,20,4062.00,3461.00,17028.00,5140500.00,3750.00,17072.00,3762.00
20200415094739,ag2004,20200415,20200415,09:41:28,0,3814.00,90,3814.00,3800.00,3800.00,-1.00,57116.67,3814.00,10,3790.00,20,4062.00,3461.00,17028.00,5140500.00,3750.00,17072.00,3762.00
20200415094742,ag2004,20200415,20200415,09:41:30,500,3790.00,110,3814.00,3790.00,3800.00,-1.00,57068.18,3814.00,10,3772.00,20,4062.00,3461.00,17028.00,6277500.00,3750.00,17072.00,3762.00
20200415094856,ag2004,20200415,20200415,09:42:46,500,3790.00,110,3814.00,3790.00,3800.00,-1.00,57068.18,3814.00,10,3790.00,34,4062.00,3461.00,17028.00,6277500.00,3750.00,17072.00,3762.00
20200415094857,ag2004,20200415,20200415,09:42:47,500,3790.00,144,3814.00,3790.00,3800.00,-1.00,57016.67,3814.00,10,3772.00,20,4062.00,3461.00,17028.00,8210400.00,3750.00,17072.00,3762.00
20200415094918,ag2004,20200415,20200415,09:43:09,500,3790.00,144,3814.00,3790.00,3800.00,-1.00,57016.67,3814.00,10,3790.00,30,4062.00,3461.00,17028.00,8210400.00,3750.00,17072.00,3762.00
20200415094919,ag2004,20200415,20200415,09:43:10,0,3790.00,174,3814.00,3790.00,3800.00,-1.00,56987.93,3814.00,10,3772.00,20,4062.00,3461.00,17028.00,9915900.00,3750.00,17072.00,3762.00
20200415095039,ag2004,20200415,20200415,09:44:34,500,3790.00,174,3814.00,3790.00,3800.00,-1.00,56987.93,3814.00,10,3790.00,20,4062.00,3461.00,17028.00,9915900.00,3750.00,17072.00,3762.00
20200415095042,ag2004,20200415,20200415,09:44:38,0,3790.00,174,3814.00,3790.00,3800.00,-1.00,56987.93,3814.00,10,3790.00,20,4062.00,3461.00,17028.00,9915900.00,3750.00,17072.00,3762.00
20200415095043,ag2004,20200415,20200415,09:44:38,500,3790.00,174,3814.00,3790.00,3800.00,-1.00,56987.93,3813.00,2,3790.00,20,4062.00,3461.00,17028.00,9915900.00,3750.00,17072.00,3762.00
20200415095123,ag2004,20200415,20200415,09:45:19,500,3790.00,174,3814.00,3790.00,3800.00,-1.00,56987.93,3813.00,2,3772.00,20,4062.00,3461.00,17028.00,9915900.00,3750.00,17072.00,3762.00
20200415095125,ag2004,20200415,20200415,09:45:22,500,3790.00,174,3814.00,3790.00,3800.00,-1.00,56987.93,3812.00,10,3772.00,20,4062.00,3461.00,17028.00,9915900.00,3750.00,17072.00,3762.00
20200415095424,ag2004,20200415,20200415,09:48:15,0,3790.00,174,3814.00,3790.00,3800.00,-1.00,56987.93,3813.00,2,3772.00,20,4062.00,3461.00,17028.00,9915900.00,3750.00,17072.00,3762.00
20200415095541,ag2004,20200415,20200415,09:49:31,0,3790.00,174,3814.00,3790.00,3800.00,-1.00,56987.93,3813.00,2,3780.00,60,4062.00,3461.00,17028.00,9915900.00,3750.00,17072.00,3762.00
20200415095742,ag2004,20200415,20200415,09:51:12,500,3790.00,174,3814.00,3790.00,3800.00,-1.00,56987.93,3813.00,2,3780.00,60,4062.00,3461.00,17028.00,9915900.00,3750.00,17072.00,3762.00
20200415095812,ag2004,20200415,20200415,09:51:40,0,3790.00,174,3814.00,3790.00,3800.00,-1.00,56987.93,3813.00,2,3790.00,10,4062.00,3461.00,17028.00,9915900.00,3750.00,17072.00,3762.00
20200415095817,ag2004,20200415,20200415,09:51:44,500,3790.00,174,3814.00,3790.00,3800.00,-1.00,56987.93,3813.00,2,3790.00,20,4062.00,3461.00,17028.00,9915900.00,3750.00,17072.00,3762.00
20200415095952,ag2004,20200415,20200415,09:53:15,500,3790.00,174,3814.00,3790.00,3800.00,-1.00,56987.93,3813.00,2,3790.00,20,4062.00,3461.00,17028.00,9915900.00,3750.00,17072.00,3762.00
20200415100014,ag2004,20200415,20200415,09:53:37,0,3790.00,174,3814.00,3790.00,3800.00,-1.00,56987.93,3813.00,2,3795.00,60,4062.00,3461.00,17028.00,9915900.00,3750.00,17072.00,3762.00
20200415100030,ag2004,20200415,20200415,09:53:53,500,3790.00,174,3814.00,3790.00,3800.00,-1.00,56987.93,3813.00,2,3796.00,20,4062.00,3461.00,17028.00,9915900.00,3750.00,17072.00,3762.00
20200415100113,ag2004,20200415,20200415,09:54:37,500,3790.00,174,3814.00,3790.00,3800.00,-1.00,56987.93,3813.00,4,3796.00,20,4062.00,3461.00,17028.00,9915900.00,3750.00,17072.00,3762.00
20200415100123,ag2004,20200415,20200415,09:54:47,0,3790.00,174,3814.00,3790.00,3800.00,-1.00,56987.93,3813.00,4,3796.00,20,4062.00,3461.00,17028.00,9915900.00,3750.00,17072.00,3762.00
20200415100214,ag2004,20200415,20200415,09:55:37,500,3813.00,178,3814.00,3790.00,3800.00,-1.00,56992.58,3820.00,10,3796.00,20,4062.00,3461.00,17028.00,10144680.00,3750.00,17072.00,3762.00
20200415100239,ag2004,20200415,20200415,09:55:57,500,3813.00,178,3814.00,3790.00,3800.00,-1.00,56992.58,3819.00,2,3796.00,20,4062.00,3461.00,17028.00,10144680.00,3750.00,17072.00,3762.00
20200415100320,ag2004,20200415,20200415,09:56:34,500,3813.00,178,3814.00,3790.00,3800.00,-1.00,56992.58,3815.00,10,3796.00,20,4062.00,3461.00,17028.00,10144680.00,3750.00,17072.00,3762.00
20200415100417,ag2004,20200415,20200415,09:57:34,0,3813.00,178,3814.00,3790.00,3800.00,-1.00,56992.58,3815.00,10,3797.00,50,4062.00,3461.00,17028.00,10144680.00,3750.00,17072.00,3762.00
20200415100418,ag2004,20200415,20200415,09:57:35,0,3797.00,228,3814.00,3790.00,3800.00,-1.00,56984.34,3815.00,10,3796.00,20,4062.00,3461.00,17028.00,12992430.00,3750.00,17072.00,3762.00
20200415100441,ag2004,20200415,20200415,09:58:00,500,3797.00,228,3814.00,3790.00,3800.00,-1.00,56984.34,3815.00,10,3800.00,60,4062.00,3461.00,17028.00,12992430.00,3750.00,17072.00,3762.00
20200415100510,ag2004,20200415,20200415,09:58:31,500,3797.00,228,3814.00,3790.00,3800.00,-1.00,56984.34,3815.00,10,3801.00,70,4062.00,3461.00,17028.00,12992430.00,3750.00,17072.00,3762.00
20200415100511,ag2004,20200415,20200415,09:58:32,500,3801.00,298,3814.00,3790.00,3800.00,-1.00,56991.54,3815.00,10,3800.00,60,4062.00,3461.00,17028.00,16983480.00,3750.00,17072.00,3762.00
20200415100533,ag2004,20200415,20200415,09:58:56,500,3801.00,298,3814.00,3790.00,3800.00,-1.00,56991.54,3815.00,20,3800.00,60,4062.00,3461.00,17028.00,16983480.00,3750.00,17072.00,3762.00
20200415100702,ag2004,20200415,20200415,10:00:24,500,3801.00,298,3814.00,3790.00,3800.00,-1.00,56991.54,3815.00,20,3801.00,10,4062.00,3461.00,17028.00,16983480.00,3750.00,17072.00,3762.00
20200415100718,ag2004,20200415,20200415,10:00:31,500,3801.00,298,3814.00,3790.00,3800.00,-1.00,56991.54,3815.00,20,3801.00,10,4062.00,3461.00,17028.00,16983480.00,3750.00,17072.00,3762.00
20200415101002,ag2004,20200415,20200415,10:03:16,0,3801.00,298,3814.00,3790.00,3800.00,-1.00,56991.54,3819.00,2,3801.00,10,4062.00,3461.00,17028.00,16983480.00,3750.00,17072.00,3762.00
20200415101003,ag2004,20200415,20200415,10:03:16,500,3801.00,298,3814.00,3790.00,3800.00,-1.00,56991.54,3815.00,32,3801.00,10,4062.00,3461.00,17028.00,16983480.00,3750.00,17072.00,3762.00
20200415101233,ag2004,20200415,20200415,10:05:54,0,3801.00,298,3814.00,3790.00,3800.00,-1.00,56991.54,3815.00,32,3800.00,60,4062.00,3461.00,17028.00,16983480.00,3750.00,17072.00,3762.00
20200415101324,ag2004,20200415,20200415,10:06:54,0,3801.00,298,3814.00,3790.00,3800.00,-1.00,56991.54,3814.00,2,3800.00,60,4062.00,3461.00,17028.00,16983480.00,3750.00,17072.00,3762.00
20200415101341,ag2004,20200415,20200415,10:07:13,500,3801.00,298,3814.00,3790.00,3800.00,-1.00,56991.54,3813.00,32,3800.00,60,4062.00,3461.00,17028.00,16983480.00,3750.00,17072.00,3762.00
20200415101529,ag2004,20200415,20200415,10:09:21,500,3801.00,298,3814.00,3790.00,3800.00,-1.00,56991.54,3812.00,2,3800.00,60,4062.00,3461.00,17028.00,16983480.00,3750.00,17072.00,3762.00
20200415101544,ag2004,20200415,20200415,10:09:40,0,3801.00,298,3814.00,3790.00,3800.00,-1.00,56991.54,3810.00,32,3800.00,60,4062.00,3461.00,17028.00,16983480.00,3750.00,17072.00,3762.00
20200415101728,ag2004,20200415,20200415,10:11:24,500,3801.00,298,3814.00,3790.00,3800.00,-1.00,56991.54,3810.00,32,3796.00,20,4062.00,3461.00,17028.00,16983480.00,3750.00,17072.00,3762.00
20200415101759,ag2004,20200415,20200415,10:12:02,500,3801.00,298,3814.00,3790.00,3800.00,-1.00,56991.54,3810.00,32,3809.00,4,4062.00,3461.00,17028.00,16983480.00,3750.00,17072.00,3762.00
20200415101810,ag2004,20200415,20200415,10:12:16,500,3809.00,302,3814.00,3790.00,3800.00,-1.00,56993.44,3809.00,28,3796.00,20,4062.00,3461.00,17028.00,17212020.00,3750.00,17072.00,3762.00
20200415101811,ag2004,20200415,20200415,10:12:17,0,3809.00,310,3814.00,3790.00,3800.00,-1.00,56997.10,3809.00,20,3796.00,20,4062.00,3461.00,17028.00,17669100.00,3750.00,17072.00,3762.00
20200415101811,ag2004,20200415,20200415,10:12:17,500,3809.00,318,3814.00,3790.00,3800.00,-1.00,57000.57,3809.00,12,3796.00,20,4062.00,3461.00,17028.00,18126180.00,3750.00,17072.00,3762.00
20200415101812,ag2004,20200415,20200415,10:12:18,0,3809.00,326,3814.00,3790.00,3800.00,-1.00,57003.87,3809.00,4,3796.00,20,4062.00,3461.00,17028.00,18583260.00,3750.00,17072.00,3762.00
20200415101830,ag2004,20200415,20200415,10:12:40,500,3809.00,326,3814.00,3790.00,3800.00,-1.00,57003.87,3809.00,4,3797.00,50,4062.00,3461.00,17028.00,18583260.00,3750.00,17072.00,3762.00
20200415101833,ag2004,20200415,20200415,10:12:44,0,3797.00,376,3814.00,3790.00,3800.00,-1.00,56997.37,3809.00,4,3796.00,20,4062.00,3461.00,17028.00,21431010.00,3750.00,17072.00,3762.00
20200415101851,ag2004,20200415,20200415,10:13:07,500,3797.00,426,3814.00,3790.00,3800.00,-1.00,56992.39,3809.00,4,3796.00,20,4062.00,3461.00,17028.00,24278760.00,3750.00,17072.00,3762.00
20200415101858,ag2004,20200415,20200415,10:13:16,500,3797.00,426,3814.00,3790.00,3800.00,-1.00,56992.39,3809.00,4,3797.00,60,4062.00,3461.00,17028.00,24278760.00,3750.00,17072.00,3762.00
20200415101949,ag2004,20200415,20200415,10:14:19,0,3797.00,426,3814.00,3790.00,3800.00,-1.00,56992.39,3809.00,4,3798.00,100,4062.00,3461.00,17028.00,24278760.00,3750.00,17072.00,3762.00
20200415101951,ag2004,20200415,20200415,10:14:22,0,3797.00,426,3814.00,3790.00,3800.00,-1.00,56992.39,3809.00,4,3798.00,100,4062.00,3461.00,17028.00,24278760.00,3750.00,17072.00,3762.00
20200415102025,ag2004,20200415,20200415,10:14:59,500,3797.00,426,3814.00,3790.00,3800.00,-1.00,56992.39,3809.00,4,3798.00,100,4062.00,3461.00,17028.00,24278760.00,3750.00,17072.00,3762.00
20200415103010,ag2004,20200415,20200415,10:30:02,500,3797.00,426,3814.00,3790.00,3800.00,-1.00,56992.39,3809.00,4,3798.00,100,4062.00,3461.00,17028.00,24278760.00,3750.00,17072.00,3762.00
20200415103027,ag2004,20200415,20200415,10:30:12,500,3797.00,426,3814.00,3790.00,3800.00,-1.00,56992.39,3809.00,4,3768.00,50,4062.00,3461.00,17028.00,24278760.00,3750.00,17072.00,3762.00
20200415103127,ag2004,20200415,20200415,10:31:02,0,3797.00,426,3814.00,3790.00,3800.00,-1.00,56992.39,3804.00,4,3768.00,50,4062.00,3461.00,17028.00,24278760.00,3750.00,17072.00,3762.00
20200415103142,ag2004,20200415,20200415,10:31:17,0,3770.00,476,3814.00,3770.00,3800.00,-1.00,56945.92,3804.00,4,3768.00,50,4062.00,3461.00,17028.00,27106260.00,3750.00,17072.00,3762.00
20200415103203,ag2004,20200415,20200415,10:31:38,500,3770.00,524,3814.00,3770.00,3800.00,-1.00,56909.66,3804.00,4,3768.00,50,4062.00,3461.00,17028.00,29820660.00,3750.00,17072.00,3762.00
20200415103647,ag2004,20200415,20200415,10:36:41,500,3770.00,524,3814.00,3770.00,3800.00,-1.00,56909.66,3800.00,4,3768.00,50,4062.00,3461.00,17028.00,29820660.00,3750.00,17072.00,3762.00
20200415103740,ag2004,20200415,20200415,10:37:40,0,3770.00,524,3814.00,3770.00,3800.00,-1.00,56909.66,3770.00,20,3768.00,50,4062.00,3461.00,17028.00,29820660.00,3750.00,17072.00,3762.00
20200415103740,ag2004,20200415,20200415,10:37:40,500,3770.00,544,3814.00,3770.00,3800.00,-1.00,56896.43,3800.00,4,3770.00,4,4062.00,3461.00,17010.00,30951660.00,3750.00,17072.00,3762.00
20200415104147,ag2004,20200415,20200415,10:41:47,0,3770.00,544,3814.00,3770.00,3800.00,-1.00,56896.43,3800.00,4,3772.00,10,4062.00,3461.00,17010.00,30951660.00,3750.00,17072.00,3762.00
20200415104233,ag2004,20200415,20200415,10:42:33,500,3770.00,544,3814.00,3770.00,3800.00,-1.00,56896.43,3788.00,2,3772.00,10,4062.00,3461.00,17010.00,30951660.00,3750.00,17072.00,3762.00
20200415104517,ag2004,20200415,20200415,10:45:16,0,3788.00,546,3814.00,3770.00,3800.00,-1.00,56896.15,3800.00,4,3772.00,10,4062.00,3461.00,17012.00,31065300.00,3750.00,17072.00,3762.00
20200415104552,ag2004,20200415,20200415,10:45:51,0,3788.00,546,3814.00,3770.00,3800.00,-1.00,56896.15,3800.00,4,3788.00,40,4062.00,3461.00,17012.00,31065300.00,3750.00,17072.00,3762.00
20200415104639,ag2004,20200415,20200415,10:46:39,0,3800.00,550,3814.00,3770.00,3800.00,-1.00,56896.91,3819.00,2,3788.00,40,4062.00,3461.00,17012.00,31293300.00,3750.00,17072.00,3762.00
20200415104731,ag2004,20200415,20200415,10:47:23,0,3800.00,550,3814.00,3770.00,3800.00,-1.00,56896.91,3800.00,2,3788.00,40,4062.00,3461.00,17012.00,31293300.00,3750.00,17072.00,3762.00
20200415104808,ag2004,20200415,20200415,10:48:08,0,3800.00,550,3814.00,3770.00,3800.00,-1.00,56896.91,3800.00,2,3788.00,40,4062.00,3461.00,17012.00,31293300.00,3750.00,17072.00,3762.00
20200415104830,ag2004,20200415,20200415,10:48:30,500,3800.00,550,3814.00,3770.00,3800.00,-1.00,56896.91,3800.00,2,3772.00,10,4062.00,3461.00,17012.00,31293300.00,3750.00,17072.00,3762.00
20200415104952,ag2004,20200415,20200415,10:49:52,500,3800.00,550,3814.00,3770.00,3800.00,-1.00,56896.91,3800.00,4,3772.00,10,4062.00,3461.00,17012.00,31293300.00,3750.00,17072.00,3762.00
20200415105005,ag2004,20200415,20200415,10:50:05,0,3800.00,550,3814.00,3770.00,3800.00,-1.00,56896.91,3800.00,4,3775.00,100,4062.00,3461.00,17012.00,31293300.00,3750.00,17072.00,3762.00
20200415105230,ag2004,20200415,20200415,10:52:29,500,3800.00,550,3814.00,3770.00,3800.00,-1.00,56896.91,3797.00,2,3775.00,100,4062.00,3461.00,17012.00,31293300.00,3750.00,17072.00,3762.00
20200415105340,ag2004,20200415,20200415,10:53:40,0,3800.00,550,3814.00,3770.00,3800.00,-1.00,56896.91,3796.00,2,3775.00,100,4062.00,3461.00,17012.00,31293300.00,3750.00,17072.00,3762.00
20200415105437,ag2004,20200415,20200415,10:54:37,500,3800.00,550,3814.00,3770.00,3800.00,-1.00,56896.91,3796.00,2,3779.00,32,4062.00,3461.00,17012.00,31293300.00,3750.00,17072.00,3762.00
20200415105438,ag2004,20200415,20200415,10:54:38,500,3779.00,582,3814.00,3770.00,3800.00,-1.00,56885.26,3796.00,2,3775.00,100,4062.00,3461.00,17012.00,33107220.00,3750.00,17072.00,3762.00
20200415105457,ag2004,20200415,20200415,10:54:57,0,3779.00,582,3814.00,3770.00,3800.00,-1.00,56885.26,3796.00,2,3780.00,2,4062.00,3461.00,17012.00,33107220.00,3750.00,17072.00,3762.00
20200415105723,ag2004,20200415,20200415,10:57:19,0,3779.00,582,3814.00,3770.00,3800.00,-1.00,56885.26,3796.00,2,3780.00,102,4062.00,3461.00,17012.00,33107220.00,3750.00,17072.00,3762.00
20200415105918,ag2004,20200415,20200415,10:59:18,0,3796.00,584,3814.00,3770.00,3800.00,-1.00,56885.45,3797.00,2,3780.00,102,4062.00,3461.00,17014.00,33221100.00,3750.00,17072.00,3762.00
20200415105942,ag2004,20200415,20200415,10:59:42,500,3796.00,584,3814.00,3770.00,3800.00,-1.00,56885.45,3797.00,2,3790.00,50,4062.00,3461.00,17014.00,33221100.00,3750.00,17072.00,3762.00
20200415110123,ag2004,20200415,20200415,11:01:13,500,3796.00,584,3814.00,3770.00,3800.00,-1.00,56885.45,3797.00,2,3794.00,4,4062.00,3461.00,17014.00,33221100.00,3750.00,17072.00,3762.00
20200415110136,ag2004,20200415,20200415,11:01:31,500,3796.00,584,3814.00,3770.00,3800.00,-1.00,56885.45,3797.00,2,3794.00,4,4062.00,3461.00,17014.00,33221100.00,3750.00,17072.00,3762.00
20200415110151,ag2004,20200415,20200415,11:01:47,0,3796.00,584,3814.00,3770.00,3800.00,-1.00,56885.45,3797.00,2,3795.00,4,4062.00,3461.00,17014.00,33221100.00,3750.00,17072.00,3762.00
20200415110154,ag2004,20200415,20200415,11:01:50,0,3796.00,584,3814.00,3770.00,3800.00,-1.00,56885.45,3797.00,2,3790.00,50,4062.00,3461.00,17014.00,33221100.00,3750.00,17072.00,3762.00
20200415110154,ag2004,20200415,20200415,11:01:50,500,3796.00,584,3814.00,3770.00,3800.00,-1.00,56885.45,3797.00,2,3794.00,4,4062.00,3461.00,17014.00,33221100.00,3750.00,17072.00,3762.00
20200415110158,ag2004,20200415,20200415,11:01:56,0,3796.00,584,3814.00,3770.00,3800.00,-1.00,56885.45,3796.00,2,3794.00,4,4062.00,3461.00,17014.00,33221100.00,3750.00,17072.00,3762.00
20200415110200,ag2004,20200415,20200415,11:01:57,500,3796.00,584,3814.00,3770.00,3800.00,-1.00,56885.45,3796.00,2,3794.00,4,4062.00,3461.00,17014.00,33221100.00,3750.00,17072.00,3762.00
20200415110200,ag2004,20200415,20200415,11:01:58,500,3796.00,584,3814.00,3770.00,3800.00,-1.00,56885.45,3796.00,2,3794.00,4,4062.00,3461.00,17014.00,33221100.00,3750.00,17072.00,3762.00
20200415110223,ag2004,20200415,20200415,11:02:22,500,3796.00,584,3814.00,3770.00,3800.00,-1.00,56885.45,3796.00,2,3790.00,50,4062.00,3461.00,17014.00,33221100.00,3750.00,17072.00,3762.00
20200415110224,ag2004,20200415,20200415,11:02:23,0,3796.00,584,3814.00,3770.00,3800.00,-1.00,56885.45,3796.00,2,3793.00,4,4062.00,3461.00,17014.00,33221100.00,3750.00,17072.00,3762.00
20200415110240,ag2004,20200415,20200415,11:02:40,500,3796.00,584,3814.00,3770.00,3800.00,-1.00,56885.45,3796.00,2,3790.00,50,4062.00,3461.00,17014.00,33221100.00,3750.00,17072.00,3762.00
20200415110241,ag2004,20200415,20200415,11:02:41,0,3796.00,584,3814.00,3770.00,3800.00,-1.00,56885.45,3796.00,2,3792.00,4,4062.00,3461.00,17014.00,33221100.00,3750.00,17072.00,3762.00
20200415110251,ag2004,20200415,20200415,11:02:51,500,3796.00,584,3814.00,3770.00,3800.00,-1.00,56885.45,3796.00,2,3790.00,50,4062.00,3461.00,17014.00,33221100.00,3750.00,17072.00,3762.00
20200415110252,ag2004,20200415,20200415,11:02:52,0,3796.00,584,3814.00,3770.00,3800.00,-1.00,56885.45,3796.00,2,3791.00,4,4062.00,3461.00,17014.00,33221100.00,3750.00,17072.00,3762.00
20200415110258,ag2004,20200415,20200415,11:02:58,500,3796.00,584,3814.00,3770.00,3800.00,-1.00,56885.45,3796.00,2,3791.00,4,4062.00,3461.00,17014.00,33221100.00,3750.00,17072.00,3762.00
20200415110259,ag2004,20200415,20200415,11:02:59,0,3796.00,584,3814.00,3770.00,3800.00,-1.00,56885.45,3796.00,2,3791.00,54,4062.00,3461.00,17014.00,33221100.00,3750.00,17072.00,3762.00
20200415110308,ag2004,20200415,20200415,11:03:08,500,3796.00,584,3814.00,3770.00,3800.00,-1.00,56885.45,3796.00,2,3791.00,4,4062.00,3461.00,17014.00,33221100.00,3750.00,17072.00,3762.00
20200415110326,ag2004,20200415,20200415,11:03:26,0,3796.00,584,3814.00,3770.00,3800.00,-1.00,56885.45,3794.00,2,3791.00,4,4062.00,3461.00,17014.00,33221100.00,3750.00,17072.00,3762.00
20200415110327,ag2004,20200415,20200415,11:03:27,500,3796.00,584,3814.00,3770.00,3800.00,-1.00,56885.45,3794.00,2,3792.00,4,4062.00,3461.00,17014.00,33221100.00,3750.00,17072.00,3762.00
20200415110339,ag2004,20200415,20200415,11:03:39,0,3796.00,584,3814.00,3770.00,3800.00,-1.00,56885.45,3794.00,2,3780.00,100,4062.00,3461.00,17014.00,33221100.00,3750.00,17072.00,3762.00
20200415110339,ag2004,20200415,20200415,11:03:39,500,3796.00,584,3814.00,3770.00,3800.00,-1.00,56885.45,3794.00,2,3791.00,4,4062.00,3461.00,17014.00,33221100.00,3750.00,17072.00,3762.00
20200415110414,ag2004,20200415,20200415,11:04:14,500,3796.00,584,3814.00,3770.00,3800.00,-1.00,56885.45,3794.00,2,3792.00,4,4062.00,3461.00,17014.00,33221100.00,3750.00,17072.00,3762.00
20200415110415,ag2004,20200415,20200415,11:04:15,0,3796.00,584,3814.00,3770.00,3800.00,-1.00,56885.45,3794.00,2,3780.00,100,4062.00,3461.00,17014.00,33221100.00,3750.00,17072.00,3762.00
20200415110415,ag2004,20200415,20200415,11:04:15,500,3796.00,584,3814.00,3770.00,3800.00,-1.00,56885.45,3794.00,2,3792.00,4,4062.00,3461.00,17014.00,33221100.00,3750.00,17072.00,3762.00
20200415110420,ag2004,20200415,20200415,11:04:20,500,3796.00,584,3814.00,3770.00,3800.00,-1.00,56885.45,3794.00,2,3780.00,100,4062.00,3461.00,17014.00,33221100.00,3750.00,17072.00,3762.00
20200415110421,ag2004,20200415,20200415,11:04:21,0,3796.00,584,3814.00,3770.00,3800.00,-1.00,56885.45,3794.00,2,3791.00,4,4062.00,3461.00,17014.00,33221100.00,3750.00,17072.00,3762.00
20200415110450,ag2004,20200415,20200415,11:04:50,0,3796.00,584,3814.00,3770.00,3800.00,-1.00,56885.45,3793.00,2,3791.00,4,4062.00,3461.00,17014.00,33221100.00,3750.00,17072.00,3762.00
20200415110457,ag2004,20200415,20200415,11:04:57,500,3796.00,584,3814.00,3770.00,3800.00,-1.00,56885.45,3793.00,2,3780.00,100,4062.00,3461.00,17014.00,33221100.00,3750.00,17072.00,3762.00
20200415110458,ag2004,20200415,20200415,11:04:58,0,3796.00,584,3814.00,3770.00,3800.00,-1.00,56885.45,3793.00,2,3790.00,4,4062.00,3461.00,17014.00,33221100.00,3750.00,17072.00,3762.00
20200415110602,ag2004,20200415,20200415,11:06:02,500,3796.00,584,3814.00,3770.00,3800.00,-1.00,56885.45,3796.00,2,3790.00,4,4062.00,3461.00,17014.00,33221100.00,3750.00,17072.00,3762.00
20200415110603,ag2004,20200415,20200415,11:06:03,0,3796.00,584,3814.00,3770.00,3800.00,-1.00,56885.45,3796.00,2,3780.00,100,4062.00,3461.00,17014.00,33221100.00,3750.00,17072.00,3762.00
20200415110615,ag2004,20200415,20200415,11:06:15,0,3796.00,584,3814.00,3770.00,3800.00,-1.00,56885.45,3819.00,2,3780.00,100,4062.00,3461.00,17014.00,33221100.00,3750.00,17072.00,3762.00
20200415110650,ag2004,20200415,20200415,11:06:50,0,3796.00,584,3814.00,3770.00,3800.00,-1.00,56885.45,3796.00,2,3780.00,100,4062.00,3461.00,17014.00,33221100.00,3750.00,17072.00,3762.00
20200415110650,ag2004,20200415,20200415,11:06:50,500,3796.00,584,3814.00,3770.00,3800.00,-1.00,56885.45,3796.00,2,3791.00,4,4062.00,3461.00,17014.00,33221100.00,3750.00,17072.00,3762.00
20200415110703,ag2004,20200415,20200415,11:07:03,500,3796.00,584,3814.00,3770.00,3800.00,-1.00,56885.45,3796.00,2,3792.00,4,4062.00,3461.00,17014.00,33221100.00,3750.00,17072.00,3762.00
20200415110711,ag2004,20200415,20200415,11:07:11,0,3796.00,584,3814.00,3770.00,3800.00,-1.00,56885.45,3794.00,2,3792.00,4,4062.00,3461.00,17014.00,33221100.00,3750.00,17072.00,3762.00
20200415110734,ag2004,20200415,20200415,11:07:34,0,3796.00,584,3814.00,3770.00,3800.00,-1.00,56885.45,3794.00,2,3780.00,100,4062.00,3461.00,17014.00,33221100.00,3750.00,17072.00,3762.00
20200415110734,ag2004,20200415,20200415,11:07:34,500,3796.00,584,3814.00,3770.00,3800.00,-1.00,56885.45,3794.00,2,3791.00,4,4062.00,3461.00,17014.00,33221100.00,3750.00,17072.00,3762.00
20200415110744,ag2004,20200415,20200415,11:07:44,500,3796.00,584,3814.00,3770.00,3800.00,-1.00,56885.45,3794.00,2,3792.00,4,4062.00,3461.00,17014.00,33221100.00,3750.00,17072.00,3762.00
20200415110912,ag2004,20200415,20200415,11:09:12,500,3796.00,584,3814.00,3770.00,3800.00,-1.00,56885.45,3796.00,2,3792.00,4,4062.00,3461.00,17014.00,33221100.00,3750.00,17072.00,3762.00
20200415110936,ag2004,20200415,20200415,11:09:36,0,3796.00,584,3814.00,3770.00,3800.00,-1.00,56885.45,3796.00,2,3793.00,4,4062.00,3461.00,17014.00,33221100.00,3750.00,17072.00,3762.00
20200415110950,ag2004,20200415,20200415,11:09:50,0,3796.00,584,3814.00,3770.00,3800.00,-1.00,56885.45,3796.00,2,3780.00,100,4062.00,3461.00,17014.00,33221100.00,3750.00,17072.00,3762.00
20200415110950,ag2004,20200415,20200415,11:09:50,500,3796.00,584,3814.00,3770.00,3800.00,-1.00,56885.45,3796.00,2,3792.00,4,4062.00,3461.00,17014.00,33221100.00,3750.00,17072.00,3762.00
20200415110959,ag2004,20200415,20200415,11:09:59,0,3796.00,584,3814.00,3770.00,3800.00,-1.00,56885.45,3796.00,2,3793.00,4,4062.00,3461.00,17014.00,33221100.00,3750.00,17072.00,3762.00
20200415111044,ag2004,20200415,20200415,11:10:44,500,3796.00,584,3814.00,3770.00,3800.00,-1.00,56885.45,3796.00,2,3794.00,4,4062.00,3461.00,17014.00,33221100.00,3750.00,17072.00,3762.00
20200415111047,ag2004,20200415,20200415,11:10:47,0,3796.00,584,3814.00,3770.00,3800.00,-1.00,56885.45,3796.00,2,3780.00,100,4062.00,3461.00,17014.00,33221100.00,3750.00,17072.00,3762.00
20200415111047,ag2004,20200415,20200415,11:10:47,500,3796.00,584,3814.00,3770.00,3800.00,-1.00,56885.45,3796.00,2,3793.00,4,4062.00,3461.00,17014.00,33221100.00,3750.00,17072.00,3762.00
20200415111048,ag2004,20200415,20200415,11:10:48,0,3796.00,584,3814.00,3770.00,3800.00,-1.00,56885.45,3796.00,2,3794.00,4,4062.00,3461.00,17014.00,33221100.00,3750.00,17072.00,3762.00
20200415111057,ag2004,20200415,20200415,11:10:57,500,3794.00,586,3814.00,3770.00,3800.00,-1.00,56885.53,3796.00,2,3794.00,2,4062.00,3461.00,17016.00,33334920.00,3750.00,17072.00,3762.00
20200415111059,ag2004,20200415,20200415,11:10:59,500,3794.00,586,3814.00,3770.00,3800.00,-1.00,56885.53,3796.00,2,3794.00,4,4062.00,3461.00,17016.00,33334920.00,3750.00,17072.00,3762.00
20200415111109,ag2004,20200415,20200415,11:11:09,500,3794.00,586,3814.00,3770.00,3800.00,-1.00,56885.53,3796.00,2,3795.00,4,4062.00,3461.00,17016.00,33334920.00,3750.00,17072.00,3762.00
20200415111114,ag2004,20200415,20200415,11:11:14,0,3795.00,588,3814.00,3770.00,3800.00,-1.00,56885.66,3796.00,2,3795.00,2,4062.00,3461.00,17018.00,33448770.00,3750.00,17072.00,3762.00
20200415111116,ag2004,20200415,20200415,11:11:16,0,3795.00,588,3814.00,3770.00,3800.00,-1.00,56885.66,3796.00,2,3780.00,100,4062.00,3461.00,17018.00,33448770.00,3750.00,17072.00,3762.00
20200415111116,ag2004,20200415,20200415,11:11:16,500,3795.00,588,3814.00,3770.00,3800.00,-1.00,56885.66,3796.00,2,3795.00,4,4062.00,3461.00,17018.00,33448770.00,3750.00,17072.00,3762.00
20200415111122,ag2004,20200415,20200415,11:11:22,0,3795.00,588,3814.00,3770.00,3800.00,-1.00,56885.66,3819.00,2,3795.00,4,4062.00,3461.00,17018.00,33448770.00,3750.00,17072.00,3762.00
20200415111122,ag2004,20200415,20200415,11:11:22,500,3795.00,588,3814.00,3770.00,3800.00,-1.00,56885.66,3819.00,2,3780.00,100,4062.00,3461.00,17018.00,33448770.00,3750.00,17072.00,3762.00
20200415111222,ag2004,20200415,20200415,11:12:22,0,3795.00,588,3814.00,3770.00,3800.00,-1.00,56885.66,3800.00,2,3780.00,100,4062.00,3461.00,17018.00,33448770.00,3750.00,17072.00,3762.00
20200415111222,ag2004,20200415,20200415,11:12:22,500,3795.00,588,3814.00,3770.00,3800.00,-1.00,56885.66,3800.00,2,3796.00,4,4062.00,3461.00,17018.00,33448770.00,3750.00,17072.00,3762.00
20200415111230,ag2004,20200415,20200415,11:12:30,500,3795.00,588,3814.00,3770.00,3800.00,-1.00,56885.66,3800.00,2,3780.00,100,4062.00,3461.00,17018.00,33448770.00,3750.00,17072.00,3762.00
20200415111231,ag2004,20200415,20200415,11:12:31,0,3795.00,588,3814.00,3770.00,3800.00,-1.00,56885.66,3800.00,2,3795.00,4,4062.00,3461.00,17018.00,33448770.00,3750.00,17072.00,3762.00
20200415111304,ag2004,20200415,20200415,11:13:04,0,3795.00,588,3814.00,3770.00,3800.00,-1.00,56885.66,3800.00,2,3795.00,4,4062.00,3461.00,17018.00,33448770.00,3750.00,17072.00,3762.00
20200415111308,ag2004,20200415,20200415,11:13:08,500,3795.00,588,3814.00,3770.00,3800.00,-1.00,56885.66,3800.00,2,3796.00,4,4062.00,3461.00,17018.00,33448770.00,3750.00,17072.00,3762.00
20200415111318,ag2004,20200415,20200415,11:13:18,500,3795.00,588,3814.00,3770.00,3800.00,-1.00,56885.66,3800.00,2,3785.00,50,4062.00,3461.00,17018.00,33448770.00,3750.00,17072.00,3762.00
20200415111319,ag2004,20200415,20200415,11:13:19,0,3795.00,588,3814.00,3770.00,3800.00,-1.00,56885.66,3800.00,2,3795.00,4,4062.00,3461.00,17018.00,33448770.00,3750.00,17072.00,3762.00
20200415111322,ag2004,20200415,20200415,11:13:22,500,3795.00,588,3814.00,3770.00,3800.00,-1.00,56885.66,3800.00,2,3796.00,4,4062.00,3461.00,17018.00,33448770.00,3750.00,17072.00,3762.00
20200415111327,ag2004,20200415,20200415,11:13:27,0,3795.00,588,3814.00,3770.00,3800.00,-1.00,56885.66,3800.00,2,3785.00,50,4062.00,3461.00,17018.00,33448770.00,3750.00,17072.00,3762.00
20200415111327,ag2004,20200415,20200415,11:13:27,500,3795.00,588,3814.00,3770.00,3800.00,-1.00,56885.66,3800.00,2,3795.00,4,4062.00,3461.00,17018.00,33448770.00,3750.00,17072.00,3762.00
20200415111328,ag2004,20200415,20200415,11:13:28,0,3795.00,588,3814.00,3770.00,3800.00,-1.00,56885.66,3800.00,2,3796.00,4,4062.00,3461.00,17018.00,33448770.00,3750.00,17072.00,3762.00
20200415111345,ag2004,20200415,20200415,11:13:45,0,3795.00,588,3814.00,3770.00,3800.00,-1.00,56885.66,3800.00,2,3797.00,4,4062.00,3461.00,17018.00,33448770.00,3750.00,17072.00,3762.00
20200415111349,ag2004,20200415,20200415,11:13:49,0,3795.00,588,3814.00,3770.00,3800.00,-1.00,56885.66,3800.00,2,3785.00,50,4062.00,3461.00,17018.00,33448770.00,3750.00,17072.00,3762.00
20200415111349,ag2004,20200415,20200415,11:13:49,500,3795.00,588,3814.00,3770.00,3800.00,-1.00,56885.66,3800.00,2,3796.00,4,4062.00,3461.00,17018.00,33448770.00,3750.00,17072.00,3762.00
20200415111350,ag2004,20200415,20200415,11:13:50,500,3795.00,588,3814.00,3770.00,3800.00,-1.00,56885.66,3800.00,2,3797.00,4,4062.00,3461.00,17018.00,33448770.00,3750.00,17072.00,3762.00
20200415111428,ag2004,20200415,20200415,11:14:28,0,3800.00,590,3814.00,3770.00,3800.00,-1.00,56886.05,3819.00,2,3797.00,4,4062.00,3461.00,17020.00,33562770.00,3750.00,17072.00,3762.00
20200415111428,ag2004,20200415,20200415,11:14:28,500,3800.00,590,3814.00,3770.00,3800.00,-1.00,56886.05,3819.00,2,3785.00,50,4062.00,3461.00,17020.00,33562770.00,3750.00,17072.00,3762.00
20200415111547,ag2004,20200415,20200415,11:15:47,500,3800.00,590,3814.00,3770.00,3800.00,-1.00,56886.05,3819.00,2,3785.00,50,4062.00,3461.00,17020.00,33562770.00,3750.00,17072.00,3762.00
20200415111549,ag2004,20200415,20200415,11:15:49,500,3800.00,590,3814.00,3770.00,3800.00,-1.00,56886.05,3819.00,2,3785.00,50,4062.00,3461.00,17020.00,33562770.00,3750.00,17072.00,3762.00
20200415111822,ag2004,20200415,20200415,11:18:22,0,3800.00,590,3814.00,3770.00,3800.00,-1.00,56886.05,3819.00,2,3786.00,50,4062.00,3461.00,17020.00,33562770.00,3750.00,17072.00,3762.00
20200415111823,ag2004,20200415,20200415,11:18:23,0,3786.00,640,3814.00,3770.00,3800.00,-1.00,56878.55,3819.00,2,3785.00,50,4062.00,3461.00,17020.00,36402270.00,3750.00,17072.00,3762.00
20200415112253,ag2004,20200415,20200415,11:22:53,0,3786.00,640,3814.00,3770.00,3800.00,-1.00,56878.55,3800.00,2,3785.00,50,4062.00,3461.00,17020.00,36402270.00,3750.00,17072.00,3762.00
20200415112324,ag2004,20200415,20200415,11:23:24,500,3786.00,640,3814.00,3770.00,3800.00,-1.00,56878.55,3800.00,2,3795.00,4,4062.00,3461.00,17020.00,36402270.00,3750.00,17072.00,3762.00
20200415112333,ag2004,20200415,20200415,11:23:33,0,3786.00,640,3814.00,3770.00,3800.00,-1.00,56878.55,3800.00,2,3796.00,4,4062.00,3461.00,17020.00,36402270.00,3750.00,17072.00,3762.00
20200415112403,ag2004,20200415,20200415,11:24:02,0,3786.00,640,3814.00,3770.00,3800.00,-1.00,56878.55,3800.00,2,3797.00,4,4062.00,3461.00,17020.00,36402270.00,3750.00,17072.00,3762.00
20200415112408,ag2004,20200415,20200415,11:24:07,500,3786.00,640,3814.00,3770.00,3800.00,-1.00,56878.55,3800.00,2,3785.00,50,4062.00,3461.00,17020.00,36402270.00,3750.00,17072.00,3762.00
20200415112409,ag2004,20200415,20200415,11:24:08,0,3786.00,640,3814.00,3770.00,3800.00,-1.00,56878.55,3800.00,2,3796.00,4,4062.00,3461.00,17020.00,36402270.00,3750.00,17072.00,3762.00
20200415112409,ag2004,20200415,20200415,11:24:08,500,3786.00,640,3814.00,3770.00,3800.00,-1.00,56878.55,3800.00,2,3797.00,4,4062.00,3461.00,17020.00,36402270.00,3750.00,17072.00,3762.00
20200415112415,ag2004,20200415,20200415,11:24:14,500,3786.00,640,3814.00,3770.00,3800.00,-1.00,56878.55,3799.00,2,3797.00,4,4062.00,3461.00,17020.00,36402270.00,3750.00,17072.00,3762.00
20200415112416,ag2004,20200415,20200415,11:24:15,500,3786.00,640,3814.00,3770.00,3800.00,-1.00,56878.55,3799.00,2,3785.00,50,4062.00,3461.00,17020.00,36402270.00,3750.00,17072.00,3762.00
20200415112416,ag2004,20200415,20200415,11:24:16,0,3786.00,640,3814.00,3770.00,3800.00,-1.00,56878.55,3799.00,2,3796.00,4,4062.00,3461.00,17020.00,36402270.00,3750.00,17072.00,3762.00
20200415112442,ag2004,20200415,20200415,11:24:42,0,3786.00,640,3814.00,3770.00,3800.00,-1.00,56878.55,3799.00,2,3797.00,4,4062.00,3461.00,17020.00,36402270.00,3750.00,17072.00,3762.00
20200415112525,ag2004,20200415,20200415,11:25:25,500,3786.00,640,3814.00,3770.00,3800.00,-1.00,56878.55,3799.00,2,3798.00,4,4062.00,3461.00,17020.00,36402270.00,3750.00,17072.00,3762.00
20200415112534,ag2004,20200415,20200415,11:25:34,500,3786.00,640,3814.00,3770.00,3800.00,-1.00,56878.55,3799.00,2,3785.00,50,4062.00,3461.00,17020.00,36402270.00,3750.00,17072.00,3762.00
20200415112535,ag2004,20200415,20200415,11:25:35,0,3786.00,640,3814.00,3770.00,3800.00,-1.00,56878.55,3799.00,2,3798.00,4,4062.00,3461.00,17020.00,36402270.00,3750.00,17072.00,3762.00
20200415112535,ag2004,20200415,20200415,11:25:35,500,3786.00,640,3814.00,3770.00,3800.00,-1.00,56878.55,3799.00,2,3785.00,50,4062.00,3461.00,17020.00,36402270.00,3750.00,17072.00,3762.00
20200415112536,ag2004,20200415,20200415,11:25:36,0,3786.00,640,3814.00,3770.00,3800.00,-1.00,56878.55,3799.00,2,3797.00,4,4062.00,3461.00,17020.00,36402270.00,3750.00,17072.00,3762.00
20200415112542,ag2004,20200415,20200415,11:25:42,0,3786.00,640,3814.00,3770.00,3800.00,-1.00,56878.55,3799.00,2,3798.00,4,4062.00,3461.00,17020.00,36402270.00,3750.00,17072.00,3762.00
20200415112551,ag2004,20200415,20200415,11:25:51,500,3786.00,640,3814.00,3770.00,3800.00,-1.00,56878.55,3799.00,2,3785.00,50,4062.00,3461.00,17020.00,36402270.00,3750.00,17072.00,3762.00
20200415112552,ag2004,20200415,20200415,11:25:52,0,3786.00,640,3814.00,3770.00,3800.00,-1.00,56878.55,3799.00,2,3797.00,4,4062.00,3461.00,17020.00,36402270.00,3750.00,17072.00,3762.00
20200415112604,ag2004,20200415,20200415,11:26:04,0,3786.00,640,3814.00,3770.00,3800.00,-1.00,56878.55,3800.00,2,3797.00,4,4062.00,3461.00,17020.00,36402270.00,3750.00,17072.00,3762.00
20200415112606,ag2004,20200415,20200415,11:26:06,0,3786.00,640,3814.00,3770.00,3800.00,-1.00,56878.55,3800.00,2,3798.00,4,4062.00,3461.00,17020.00,36402270.00,3750.00,17072.00,3762.00
20200415112613,ag2004,20200415,20200415,11:26:13,0,3786.00,640,3814.00,3770.00,3800.00,-1.00,56878.55,3801.00,2,3798.00,4,4062.00,3461.00,17020.00,36402270.00,3750.00,17072.00,3762.00
20200415112628,ag2004,20200415,20200415,11:26:28,500,3801.00,642,3814.00,3770.00,3800.00,-1.00,56878.97,3819.00,2,3798.00,4,4062.00,3461.00,17022.00,36516300.00,3750.00,17072.00,3762.00
20200415112629,ag2004,20200415,20200415,11:26:29,0,3801.00,642,3814.00,3770.00,3800.00,-1.00,56878.97,3819.00,2,3785.00,50,4062.00,3461.00,17022.00,36516300.00,3750.00,17072.00,3762.00
20200415112721,ag2004,20200415,20200415,11:27:21,0,3801.00,642,3814.00,3770.00,3800.00,-1.00,56878.97,3819.00,2,3786.00,4,4062.00,3461.00,17022.00,36516300.00,3750.00,17072.00,3762.00
20200415112723,ag2004,20200415,20200415,11:27:23,0,3786.00,646,3814.00,3770.00,3800.00,-1.00,56878.42,3819.00,2,3785.00,50,4062.00,3461.00,17022.00,36743460.00,3750.00,17072.00,3762.00
20200415112911,ag2004,20200415,20200415,11:29:11,0,3786.00,646,3814.00,3770.00,3800.00,-1.00,56878.42,3819.00,2,3785.00,50,4062.00,3461.00,17022.00,36743460.00,3750.00,17072.00,3762.00
20200415112913,ag2004,20200415,20200415,11:29:13,0,3786.00,646,3814.00,3770.00,3800.00,-1.00,56878.42,3819.00,2,3785.00,50,4062.00,3461.00,17022.00,36743460.00,3750.00,17072.00,3762.00
20200415113003,ag2004,20200415,20200415,11:30:00,0,3786.00,646,3814.00,3770.00,3800.00,-1.00,56878.42,3819.00,2,3798.00,2,4062.00,3461.00,17022.00,36743460.00,3750.00,17072.00,3762.00
20200415133039,ag2004,20200415,20200415,13:30:14,500,3786.00,646,3814.00,3770.00,3800.00,-1.00,56878.42,3817.00,10,3798.00,2,4062.00,3461.00,17022.00,36743460.00,3750.00,17072.00,3762.00
20200415133324,ag2004,20200415,20200415,13:32:16,500,3786.00,646,3814.00,3770.00,3800.00,-1.00,56878.42,3803.00,2,3798.00,2,4062.00,3461.00,17022.00,36743460.00,3750.00,17072.00,3762.00
20200415133423,ag2004,20200415,20200415,13:33:05,0,3786.00,646,3814.00,3770.00,3800.00,-1.00,56878.42,3803.00,2,3798.00,6,4062.00,3461.00,17022.00,36743460.00,3750.00,17072.00,3762.00
20200415133429,ag2004,20200415,20200415,13:33:10,0,3786.00,646,3814.00,3770.00,3800.00,-1.00,56878.42,3803.00,2,3798.00,2,4062.00,3461.00,17022.00,36743460.00,3750.00,17072.00,3762.00
20200415133429,ag2004,20200415,20200415,13:33:10,500,3786.00,646,3814.00,3770.00,3800.00,-1.00,56878.42,3803.00,2,3798.00,6,4062.00,3461.00,17022.00,36743460.00,3750.00,17072.00,3762.00
20200415133432,ag2004,20200415,20200415,13:33:13,0,3786.00,646,3814.00,3770.00,3800.00,-1.00,56878.42,3803.00,2,3798.00,2,4062.00,3461.00,17022.00,36743460.00,3750.00,17072.00,3762.00
20200415133435,ag2004,20200415,20200415,13:33:15,500,3786.00,646,3814.00,3770.00,3800.00,-1.00,56878.42,3803.00,2,3798.00,6,4062.00,3461.00,17022.00,36743460.00,3750.00,17072.00,3762.00
20200415133437,ag2004,20200415,20200415,13:33:16,500,3786.00,646,3814.00,3770.00,3800.00,-1.00,56878.42,3803.00,2,3798.00,2,4062.00,3461.00,17022.00,36743460.00,3750.00,17072.00,3762.00
20200415133444,ag2004,20200415,20200415,13:33:24,0,3786.00,646,3814.00,3770.00,3800.00,-1.00,56878.42,3803.00,2,3798.00,4,4062.00,3461.00,17022.00,36743460.00,3750.00,17072.00,3762.00
20200415133452,ag2004,20200415,20200415,13:33:31,0,3786.00,646,3814.00,3770.00,3800.00,-1.00,56878.42,3803.00,2,3799.00,4,4062.00,3461.00,17022.00,36743460.00,3750.00,17072.00,3762.00
20200415133511,ag2004,20200415,20200415,13:33:47,500,3786.00,646,3814.00,3770.00,3800.00,-1.00,56878.42,3803.00,2,3798.00,2,4062.00,3461.00,17022.00,36743460.00,3750.00,17072.00,3762.00
20200415133511,ag2004,20200415,20200415,13:33:48,0,3786.00,646,3814.00,3770.00,3800.00,-1.00,56878.42,3803.00,2,3798.00,6,4062.00,3461.00,17022.00,36743460.00,3750.00,17072.00,3762.00
20200415133517,ag2004,20200415,20200415,13:33:54,0,3786.00,646,3814.00,3770.00,3800.00,-1.00,56878.42,3803.00,2,3799.00,4,4062.00,3461.00,17022.00,36743460.00,3750.00,17072.00,3762.00
20200415133519,ag2004,20200415,20200415,13:33:55,500,3786.00,646,3814.00,3770.00,3800.00,-1.00,56878.42,3803.00,2,3798.00,2,4062.00,3461.00,17022.00,36743460.00,3750.00,17072.00,3762.00
20200415133519,ag2004,20200415,20200415,13:33:56,0,3786.00,646,3814.00,3770.00,3800.00,-1.00,56878.42,3803.00,2,3798.00,6,4062.00,3461.00,17022.00,36743460.00,3750.00,17072.00,3762.00
20200415133524,ag2004,20200415,20200415,13:34:01,0,3786.00,646,3814.00,3770.00,3800.00,-1.00,56878.42,3806.00,2,3798.00,6,4062.00,3461.00,17022.00,36743460.00,3750.00,17072.00,3762.00
20200415133525,ag2004,20200415,20200415,13:34:01,500,3786.00,646,3814.00,3770.00,3800.00,-1.00,56878.42,3806.00,2,3798.00,2,4062.00,3461.00,17022.00,36743460.00,3750.00,17072.00,3762.00
20200415133657,ag2004,20200415,20200415,13:35:16,0,3786.00,646,3814.00,3770.00,3800.00,-1.00,56878.42,3806.00,2,3801.00,4,4062.00,3461.00,17022.00,36743460.00,3750.00,17072.00,3762.00
20200415133658,ag2004,20200415,20200415,13:35:16,500,3786.00,646,3814.00,3770.00,3800.00,-1.00,56878.42,3806.00,2,3802.00,4,4062.00,3461.00,17022.00,36743460.00,3750.00,17072.00,3762.00
20200415133658,ag2004,20200415,20200415,13:35:17,0,3786.00,646,3814.00,3770.00,3800.00,-1.00,56878.42,3806.00,2,3798.00,2,4062.00,3461.00,17022.00,36743460.00,3750.00,17072.00,3762.00
20200415133659,ag2004,20200415,20200415,13:35:17,500,3786.00,646,3814.00,3770.00,3800.00,-1.00,56878.42,3806.00,2,3801.00,4,4062.00,3461.00,17022.00,36743460.00,3750.00,17072.00,3762.00
20200415133706,ag2004,20200415,20200415,13:35:23,500,3786.00,646,3814.00,3770.00,3800.00,-1.00,56878.42,3806.00,2,3802.00,4,4062.00,3461.00,17022.00,36743460.00,3750.00,17072.00,3762.00
20200415133717,ag2004,20200415,20200415,13:35:33,500,3786.00,646,3814.00,3770.00,3800.00,-1.00,56878.42,3806.00,2,3798.00,2,4062.00,3461.00,17022.00,36743460.00,3750.00,17072.00,3762.00
20200415133718,ag2004,20200415,20200415,13:35:34,0,3786.00,646,3814.00,3770.00,3800.00,-1.00,56878.42,3806.00,2,3801.00,4,4062.00,3461.00,17022.00,36743460.00,3750.00,17072.00,3762.00
20200415133731,ag2004,20200415,20200415,13:35:45,500,3786.00,646,3814.00,3770.00,3800.00,-1.00,56878.42,3806.00,2,3802.00,4,4062.00,3461.00,17022.00,36743460.00,3750.00,17072.00,3762.00
20200415133740,ag2004,20200415,20200415,13:35:54,500,3786.00,646,3814.00,3770.00,3800.00,-1.00,56878.42,3806.00,2,3798.00,2,4062.00,3461.00,17022.00,36743460.00,3750.00,17072.00,3762.00
20200415133740,ag2004,20200415,20200415,13:35:55,0,3786.00,646,3814.00,3770.00,3800.00,-1.00,56878.42,3806.00,2,3801.00,4,4062.00,3461.00,17022.00,36743460.00,3750.00,17072.00,3762.00
20200415133746,ag2004,20200415,20200415,13:36:01,0,3786.00,646,3814.00,3770.00,3800.00,-1.00,56878.42,3806.00,2,3798.00,2,4062.00,3461.00,17022.00,36743460.00,3750.00,17072.00,3762.00
20200415133917,ag2004,20200415,20200415,13:37:19,0,3786.00,646,3814.00,3770.00,3800.00,-1.00,56878.42,3806.00,2,3801.00,4,4062.00,3461.00,17022.00,36743460.00,3750.00,17072.00,3762.00
20200415133925,ag2004,20200415,20200415,13:37:26,500,3786.00,646,3814.00,3770.00,3800.00,-1.00,56878.42,3806.00,2,3802.00,4,4062.00,3461.00,17022.00,36743460.00,3750.00,17072.00,3762.00
20200415133936,ag2004,20200415,20200415,13:37:36,0,3786.00,646,3814.00,3770.00,3800.00,-1.00,56878.42,3806.00,2,3803.00,4,4062.00,3461.00,17022.00,36743460.00,3750.00,17072.00,3762.00
20200415133958,ag2004,20200415,20200415,13:37:56,0,3786.00,646,3814.00,3770.00,3800.00,-1.00,56878.42,3806.00,2,3798.00,2,4062.00,3461.00,17022.00,36743460.00,3750.00,17072.00,3762.00
20200415133959,ag2004,20200415,20200415,13:37:56,500,3786.00,646,3814.00,3770.00,3800.00,-1.00,56878.42,3806.00,2,3802.00,4,4062.00,3461.00,17022.00,36743460.00,3750.00,17072.00,3762.00
20200415134031,ag2004,20200415,20200415,13:38:25,500,3786.00,646,3814.00,3770.00,3800.00,-1.00,56878.42,3806.00,2,3803.00,4,4062.00,3461.00,17022.00,36743460.00,3750.00,17072.00,3762.00
20200415134031,ag2004,20200415,20200415,13:38:26,0,3786.00,646,3814.00,3770.00,3800.00,-1.00,56878.42,3806.00,2,3798.00,2,4062.00,3461.00,17022.00,36743460.00,3750.00,17072.00,3762.00
20200415134032,ag2004,20200415,20200415,13:38:26,500,3786.00,646,3814.00,3770.00,3800.00,-1.00,56878.42,3806.00,2,3803.00,4,4062.00,3461.00,17022.00,36743460.00,3750.00,17072.00,3762.00
20200415134032,ag2004,20200415,20200415,13:38:27,0,3786.00,646,3814.00,3770.00,3800.00,-1.00,56878.42,3806.00,2,3798.00,2,4062.00,3461.00,17022.00,36743460.00,3750.00,17072.00,3762.00
20200415134033,ag2004,20200415,20200415,13:38:27,500,3786.00,646,3814.00,3770.00,3800.00,-1.00,56878.42,3806.00,2,3802.00,4,4062.00,3461.00,17022.00,36743460.00,3750.00,17072.00,3762.00
20200415134039,ag2004,20200415,20200415,13:38:34,0,3786.00,646,3814.00,3770.00,3800.00,-1.00,56878.42,3806.00,2,3803.00,4,4062.00,3461.00,17022.00,36743460.00,3750.00,17072.00,3762.00
20200415134041,ag2004,20200415,20200415,13:38:36,500,3786.00,646,3814.00,3770.00,3800.00,-1.00,56878.42,3806.00,2,3804.00,4,4062.00,3461.00,17022.00,36743460.00,3750.00,17072.00,3762.00
20200415134101,ag2004,20200415,20200415,13:38:56,0,3806.00,648,3814.00,3770.00,3800.00,-1.00,56879.07,3817.00,10,3804.00,4,4062.00,3461.00,17024.00,36857640.00,3750.00,17072.00,3762.00
20200415134101,ag2004,20200415,20200415,13:38:56,500,3806.00,648,3814.00,3770.00,3800.00,-1.00,56879.07,3817.00,10,3798.00,2,4062.00,3461.00,17024.00,36857640.00,3750.00,17072.00,3762.00
20200415134135,ag2004,20200415,20200415,13:39:24,500,3806.00,648,3814.00,3770.00,3800.00,-1.00,56879.07,3817.00,10,3800.00,100,4062.00,3461.00,17024.00,36857640.00,3750.00,17072.00,3762.00
20200415134311,ag2004,20200415,20200415,13:40:49,0,3806.00,648,3814.00,3770.00,3800.00,-1.00,56879.07,3817.00,10,3803.00,4,4062.00,3461.00,17024.00,36857640.00,3750.00,17072.00,3762.00
20200415134315,ag2004,20200415,20200415,13:40:53,0,3806.00,648,3814.00,3770.00,3800.00,-1.00,56879.07,3817.00,10,3803.00,4,4062.00,3461.00,17024.00,36857640.00,3750.00,17072.00,3762.00
20200415134334,ag2004,20200415,20200415,13:41:10,500,3806.00,648,3814.00,3770.00,3800.00,-1.00,56879.07,3817.00,10,3800.00,100,4062.00,3461.00,17024.00,36857640.00,3750.00,17072.00,3762.00
20200415135000,ag2004,20200415,20200415,13:47:51,500,3806.00,648,3814.00,3770.00,3800.00,-1.00,56879.07,3817.00,10,3800.00,100,4062.00,3461.00,17024.00,36857640.00,3750.00,17072.00,3762.00
20200415135012,ag2004,20200415,20200415,13:48:06,0,3806.00,648,3814.00,3770.00,3800.00,-1.00,56879.07,3817.00,10,3800.00,100,4062.00,3461.00,17024.00,36857640.00,3750.00,17072.00,3762.00
20200415135235,ag2004,20200415,20200415,13:50:50,500,3806.00,648,3814.00,3770.00,3800.00,-1.00,56879.07,3817.00,10,3802.00,2,4062.00,3461.00,17024.00,36857640.00,3750.00,17072.00,3762.00
20200415135415,ag2004,20200415,20200415,13:52:44,0,3806.00,648,3814.00,3770.00,3800.00,-1.00,56879.07,3817.00,10,3800.00,100,4062.00,3461.00,17024.00,36857640.00,3750.00,17072.00,3762.00
20200415135621,ag2004,20200415,20200415,13:55:19,500,3806.00,648,3814.00,3770.00,3800.00,-1.00,56879.07,3817.00,10,3790.00,20,4062.00,3461.00,17024.00,36857640.00,3750.00,17072.00,3762.00
20200415135924,ag2004,20200415,20200415,13:59:19,500,3806.00,648,3814.00,3770.00,3800.00,-1.00,56879.07,3817.00,10,3790.00,120,4062.00,3461.00,17024.00,36857640.00,3750.00,17072.00,3762.00
20200415140246,ag2004,20200415,20200415,14:02:46,0,3806.00,648,3814.00,3770.00,3800.00,-1.00,56879.07,3817.00,10,3791.00,50,4062.00,3461.00,17024.00,36857640.00,3750.00,17072.00,3762.00
20200415140246,ag2004,20200415,20200415,14:02:46,500,3791.00,698,3814.00,3770.00,3800.00,-1.00,56878.07,3817.00,10,3790.00,120,4062.00,3461.00,17024.00,39700890.00,3750.00,17072.00,3762.00
20200415140259,ag2004,20200415,20200415,14:02:59,500,3791.00,698,3814.00,3770.00,3800.00,-1.00,56878.07,3817.00,10,3791.00,50,4062.00,3461.00,17024.00,39700890.00,3750.00,17072.00,3762.00
20200415140300,ag2004,20200415,20200415,14:03:00,0,3791.00,748,3814.00,3770.00,3800.00,-1.00,56877.19,3817.00,10,3790.00,120,4062.00,3461.00,17024.00,42544140.00,3750.00,17072.00,3762.00
20200415140455,ag2004,20200415,20200415,14:04:55,0,3791.00,748,3814.00,3770.00,3800.00,-1.00,56877.19,3817.00,10,3798.00,2,4062.00,3461.00,17024.00,42544140.00,3750.00,17072.00,3762.00
20200415140813,ag2004,20200415,20200415,14:08:13,0,3791.00,748,3814.00,3770.00,3800.00,-1.00,56877.19,3817.00,10,3798.00,2,4062.00,3461.00,17024.00,42544140.00,3750.00,17072.00,3762.00
20200415141553,ag2004,20200415,20200415,14:15:47,0,3791.00,748,3814.00,3770.00,3800.00,-1.00,56877.19,3817.00,10,3790.00,20,4062.00,3461.00,17024.00,42544140.00,3750.00,17072.00,3762.00
20200415142033,ag2004,20200415,20200415,14:20:15,500,3791.00,748,3814.00,3770.00,3800.00,-1.00,56877.19,3817.00,10,3785.00,90,4062.00,3461.00,17024.00,42544140.00,3750.00,17072.00,3762.00
20200415142035,ag2004,20200415,20200415,14:20:18,0,3791.00,748,3814.00,3770.00,3800.00,-1.00,56877.19,3817.00,10,3785.00,50,4062.00,3461.00,17024.00,42544140.00,3750.00,17072.00,3762.00
20200415142039,ag2004,20200415,20200415,14:20:22,0,3791.00,748,3814.00,3770.00,3800.00,-1.00,56877.19,3817.00,10,3785.00,50,4062.00,3461.00,17024.00,42544140.00,3750.00,17072.00,3762.00
20200415142322,ag2004,20200415,20200415,14:23:22,500,3791.00,748,3814.00,3770.00,3800.00,-1.00,56877.19,3817.00,10,3786.00,100,4062.00,3461.00,17024.00,42544140.00,3750.00,17072.00,3762.00
20200415142504,ag2004,20200415,20200415,14:25:03,500,3791.00,748,3814.00,3770.00,3800.00,-1.00,56877.19,3817.00,10,3785.00,50,4062.00,3461.00,17024.00,42544140.00,3750.00,17072.00,3762.00
20200415142521,ag2004,20200415,20200415,14:25:21,0,3791.00,748,3814.00,3770.00,3800.00,-1.00,56877.19,3817.00,10,3786.00,50,4062.00,3461.00,17024.00,42544140.00,3750.00,17072.00,3762.00
20200415142522,ag2004,20200415,20200415,14:25:22,0,3786.00,798,3814.00,3770.00,3800.00,-1.00,56871.73,3817.00,10,3785.00,50,4062.00,3461.00,17024.00,45383640.00,3750.00,17072.00,3762.00
20200415142531,ag2004,20200415,20200415,14:25:30,500,3786.00,798,3814.00,3770.00,3800.00,-1.00,56871.73,3817.00,10,3786.00,50,4062.00,3461.00,17024.00,45383640.00,3750.00,17072.00,3762.00
20200415142531,ag2004,20200415,20200415,14:25:31,500,3786.00,848,3814.00,3770.00,3800.00,-1.00,56866.91,3817.00,10,3785.00,50,4062.00,3461.00,17024.00,48223140.00,3750.00,17072.00,3762.00
20200415142816,ag2004,20200415,20200415,14:28:16,500,3786.00,848,3814.00,3770.00,3800.00,-1.00,56866.91,3803.00,28,3785.00,50,4062.00,3461.00,17024.00,48223140.00,3750.00,17072.00,3762.00
20200415143206,ag2004,20200415,20200415,14:32:06,0,3786.00,848,3814.00,3770.00,3800.00,-1.00,56866.91,3803.00,28,3756.00,50,4062.00,3461.00,17024.00,48223140.00,3750.00,17072.00,3762.00
20200415143211,ag2004,20200415,20200415,14:32:09,500,3756.00,854,3814.00,3756.00,3800.00,-1.00,56863.21,3803.00,28,3756.00,44,4062.00,3461.00,17024.00,48561180.00,3750.00,17072.00,3762.00
20200415143310,ag2004,20200415,20200415,14:33:10,0,3756.00,854,3814.00,3756.00,3800.00,-1.00,56863.21,3803.00,28,3760.00,20,4062.00,3461.00,17024.00,48561180.00,3750.00,17072.00,3762.00
20200415143316,ag2004,20200415,20200415,14:33:16,0,3756.00,854,3814.00,3756.00,3800.00,-1.00,56863.21,3796.00,28,3760.00,20,4062.00,3461.00,17024.00,48561180.00,3750.00,17072.00,3762.00
20200415143332,ag2004,20200415,20200415,14:33:32,0,3756.00,854,3814.00,3756.00,3800.00,-1.00,56863.21,3795.00,20,3760.00,20,4062.00,3461.00,17024.00,48561180.00,3750.00,17072.00,3762.00
20200415143341,ag2004,20200415,20200415,14:33:41,500,3756.00,854,3814.00,3756.00,3800.00,-1.00,56863.21,3795.00,20,3760.00,20,4062.00,3461.00,17024.00,48561180.00,3750.00,17072.00,3762.00
20200415143346,ag2004,20200415,20200415,14:33:46,0,3756.00,854,3814.00,3756.00,3800.00,-1.00,56863.21,3795.00,30,3760.00,20,4062.00,3461.00,17024.00,48561180.00,3750.00,17072.00,3762.00
20200415143706,ag2004,20200415,20200415,14:37:00,500,3756.00,854,3814.00,3756.00,3800.00,-1.00,56863.21,3795.00,30,3772.00,6,4062.00,3461.00,17024.00,48561180.00,3750.00,17072.00,3762.00
20200415143721,ag2004,20200415,20200415,14:37:16,500,3756.00,854,3814.00,3756.00,3800.00,-1.00,56863.21,3795.00,30,3772.00,6,4062.00,3461.00,17024.00,48561180.00,3750.00,17072.00,3762.00
20200415144041,ag2004,20200415,20200415,14:40:41,0,3756.00,854,3814.00,3756.00,3800.00,-1.00,56863.21,3795.00,30,3760.00,20,4062.00,3461.00,17024.00,48561180.00,3750.00,17072.00,3762.00
20200415144133,ag2004,20200415,20200415,14:41:33,0,3756.00,854,3814.00,3756.00,3800.00,-1.00,56863.21,3795.00,30,3756.00,44,4062.00,3461.00,17024.00,48561180.00,3750.00,17072.00,3762.00
20200415144156,ag2004,20200415,20200415,14:41:56,0,3756.00,854,3814.00,3756.00,3800.00,-1.00,56863.21,3795.00,60,3756.00,44,4062.00,3461.00,17024.00,48561180.00,3750.00,17072.00,3762.00
20200415144241,ag2004,20200415,20200415,14:42:41,500,3756.00,854,3814.00,3756.00,3800.00,-1.00,56863.21,3795.00,60,3757.00,20,4062.00,3461.00,17024.00,48561180.00,3750.00,17072.00,3762.00
20200415144251,ag2004,20200415,20200415,14:42:51,0,3756.00,854,3814.00,3756.00,3800.00,-1.00,56863.21,3795.00,60,3757.00,20,4062.00,3461.00,17024.00,48561180.00,3750.00,17072.00,3762.00
20200415144319,ag2004,20200415,20200415,14:43:18,500,3756.00,854,3814.00,3756.00,3800.00,-1.00,56863.21,3795.00,60,3757.00,20,4062.00,3461.00,17024.00,48561180.00,3750.00,17072.00,3762.00
20200415145022,ag2004,20200415,20200415,14:50:07,0,3756.00,854,3814.00,3756.00,3800.00,-1.00,56863.21,3795.00,60,3756.00,44,4062.00,3461.00,17024.00,48561180.00,3750.00,17072.00,3762.00
20200415145126,ag2004,20200415,20200415,14:51:09,500,3756.00,882,3814.00,3756.00,3800.00,-1.00,56846.60,3795.00,60,3756.00,16,4062.00,3461.00,17052.00,50138700.00,3750.00,17072.00,3762.00
20200415145219,ag2004,20200415,20200415,14:52:02,500,3756.00,882,3814.00,3756.00,3800.00,-1.00,56846.60,3795.00,60,3752.00,50,4062.00,3461.00,17052.00,50138700.00,3750.00,17072.00,3762.00
20200415145232,ag2004,20200415,20200415,14:52:14,500,3756.00,882,3814.00,3756.00,3800.00,-1.00,56846.60,3795.00,60,0.00,0,4062.00,3461.00,17052.00,50138700.00,3750.00,17072.00,3762.00
20200415145258,ag2004,20200415,20200415,14:52:41,500,3756.00,882,3814.00,3756.00,3800.00,-1.00,56846.60,3795.00,60,3700.00,20,4062.00,3461.00,17052.00,50138700.00,3750.00,17072.00,3762.00
20200415150052,ag2004,20200415,20200415,15:00:00,500,3756.00,882,3814.00,3756.00,3800.00,3756.00,56846.60,3795.00,60,3700.00,20,4062.00,3461.00,17052.00,50138700.00,3750.00,17072.00,3762.00
20200415152048,ag2004,20200415,20200415,15:20:48,0,3756.00,882,3814.00,3756.00,3800.00,3756.00,56846.60,3795.00,60,3700.00,20,4062.00,3461.00,17052.00,50138700.00,3750.00,17072.00,3762.00
